date,company name,role,location,event
2024-05-14,"Denver, CO",Software Engineer,Reposted 1 week ago,bookmarked
2024-05-14,New York City Metropolitan Area,Full Stack Developer,1 hour ago,bookmarked
2024-05-14,United States,Junior Software Engineer,1 week ago,bookmarked
2024-05-14,"Whittier, CA",Software Engineer,1 week ago,bookmarked
2024-05-14,United States,Junior Software Engineer,6 days ago,bookmarked
2024-05-14,United States,Junior Software Engineer,1 week ago,bookmarked
2024-05-14,"Cerritos, CA",Junior Software Developer (Hybrid Remote),Reposted 1 week ago,bookmarked
2024-05-14,New York City Metropolitan Area,Software Engineer Intern,1 month ago,bookmarked
2024-05-14,"San Diego, CA","Jr. Software Development Engineer - San Diego, Jr. Developer Program",Reposted 1 week ago,bookmarked
2024-05-14,United States,Front End Software Engineer Intern,Reposted 3 weeks ago,bookmarked
2024-05-14,"San Diego, CA",Junior Software Engineer,3 weeks ago,bookmarked
2024-05-14,Dallas-Fort Worth Metroplex,Jr. Frontend Developer,Reposted 1 month ago,bookmarked
2024-05-14,"Maryland Heights, MO",Junior Software Developer,Reposted 3 weeks ago,bookmarked
2024-05-14,"Atlanta, GA",Intern – Front End Engineer,3 weeks ago,bookmarked
2024-05-14,"Lake Mary, FL",Entry Level Software Developer,2 weeks ago,bookmarked
2024-05-14,"Santa Clara, CA",Fall 2024 Undergraduate Software Engineering Co-Op/Intern,Reposted 3 days ago,bookmarked
2024-05-14,"Maryland Heights, MO",Junior Software Developer,Reposted 3 weeks ago,bookmarked
2024-05-14,Washington DC-Baltimore Area,Junior Software Engineer,2 weeks ago,bookmarked
2024-05-14,"Smyrna, GA",Web Application Developer / UX Student Assistant -Summer 2024-ATAS,1 week ago,bookmarked
2024-05-14,United States,OVIP Software Engineer Intern,Reposted 1 week ago,bookmarked
2024-05-14,"Chicago, IL",Junior Wordpress Developer,3 months ago,bookmarked
2024-05-14,"River Falls, WI",Software Engineer Intern,2 months ago,bookmarked
2024-05-14,Greater Houston,Software Engineering Intern - Mobile Robotics,5 days ago,bookmarked
2024-05-14,"Chantilly, VA",Junior Software Engineer,Reposted 1 week ago,bookmarked
2024-05-14,"Aberdeen Proving Ground, MD","Software Developer, Junior",Reposted 1 month ago,bookmarked
2024-05-14,United States,Junior Web Developer - [Full Remote],1 day ago,bookmarked
2024-05-14,"New York, NY",Junior Software Engineer/Programmer,6 days ago,bookmarked
2024-05-14,"San Diego, CA","Jr. Software Development Engineer - San Diego, Jr. Developer Program",1 week ago,bookmarked
2024-05-15,Anarchy Labs,Software Engineer Intern,9 hours ago,bookmarked
2024-05-15,Scoper Inc.,Software Engineer Intern,17 hours ago,bookmarked
2024-05-15,GoLinks,Software Engineer Intern,2 days ago,bookmarked
2024-05-15,Scoper Inc.,Software Engineer Intern,17 hours ago,applied
2024-05-15,Anarchy Labs,Software Engineer Intern,9 hours ago,applied
2024-05-15,"Chicago, IL",Junior Wordpress Developer,3 months ago,applied
2024-05-15,"Atlanta, GA",Intern – Front End Engineer,3 weeks ago,applied
2024-05-15,Dallas-Fort Worth Metroplex,Jr. Frontend Developer,Reposted 1 month ago,applied
2024-05-15,"San Diego, CA",Junior Software Engineer,3 weeks ago,applied
2024-05-15,New York City Metropolitan Area,Software Engineer Intern,1 month ago,applied
2024-05-15,United States,Junior Software Engineer,6 days ago,applied
2024-05-15,"Whittier, CA",Software Engineer,1 week ago,applied
2024-05-16,GoLinks,Software Engineer Intern,2 days ago,applying
2024-05-16,GoLinks,Software Engineer Intern,2 days ago,bookmarked
2024-05-17,United States,Junior Software Engineer,1 week ago,interviewing
2024-05-17,Reli.,Junior Software Developer (Hybrid Remote),"Cerritos, CA",applied
2024-05-20,FanThreeSixty,Software Engineering Intern,"Leawood, KS",applied
2024-05-20,Fiori Technology Solutions Inc,Frontend Developer,United States,applied
2024-05-20,Delver,Front End Developer,United States,applied
2024-05-21,"Maryland Heights, MO",Junior Software Developer,Reposted 3 weeks ago,applied
2024-05-21,"Lake Mary, FL",Entry Level Software Developer,2 weeks ago,applied
2024-05-21,New York City Metropolitan Area,Full Stack Developer,1 hour ago,applied
2024-05-21,PriceSmart,Software Engineer,"Miami, FL",applied
2024-05-21,Revature,Entry Level Software Developer,"Michigan, United States",bookmarked
2024-05-21,Revature,Entry Level Software Developer,"Michigan, United States",applied
2024-05-21,Team Remotely Inc,Junior Software Developer Trainee,"Seattle, WA",bookmarked
2024-05-21,Team Remotely Inc,Junior Software Developer Trainee,"Seattle, WA",applied
2024-05-21,e2Companies,Jr Software Engineer,"Bonita Springs, FL",bookmarked
2024-05-21,e2Companies,Jr Software Engineer,"Bonita Springs, FL",applied
2024-05-22,Anarchy Labs,Software Engineer Intern,"New York, NY",bookmarked
2024-05-22,Anarchy Labs,Software Engineer Intern,"New York, NY",applied
2024-05-22,Handshake,Frontend / Staff Full Stack Software Engineer,"San Francisco, CA",bookmarked
2024-05-22,Handshake,Frontend / Staff Full Stack Software Engineer,"San Francisco, CA",applied
2024-05-22,Aquent,Web Developer,"Seattle, WA",bookmarked
2024-05-22,Aquent,Web Developer,"Seattle, WA",applied
2024-05-22,Team Remotely Inc,​Junior Web Developer,"Wilmington, DE",bookmarked
2024-05-22,Team Remotely Inc,​Junior Web Developer,"Wilmington, DE",applied
2024-05-22,8va Collective LLC,Web Developer,United States,bookmarked
2024-05-22,8va Collective LLC,Web Developer,United States,applied
2024-05-22,BeaconFire Inc.,MERN/MEAN Stack Developer,"New Jersey, United States",bookmarked
2024-05-22,BeaconFire Inc.,MERN/MEAN Stack Developer,"New Jersey, United States",applied
2024-05-22,Copart,Software Engineering Intern,"Dallas, TX",bookmarked
2024-05-22,Copart,Software Engineering Intern,"Dallas, TX",applied
2024-05-22,Entertainment Partners,Software Engineering Intern,"Tempe, AZ",bookmarked
2024-05-22,Entertainment Partners,Software Engineering Intern,"Tempe, AZ",applied
2024-05-22,Prompt.io,Full Stack Engineer,United States,bookmarked
2024-05-22,Audubon Companies,Software Development Intern,"Broomfield, CO",bookmarked
2024-05-22,Audubon Companies,Software Development Intern,"Broomfield, CO",applied
2024-05-22,Kill Your Competition®,Assistant Web Developer,"Tampa, FL",bookmarked
2024-05-22,Kill Your Competition®,Assistant Web Developer,"Tampa, FL",applied
2024-05-22,Agility Partners,Full Stack Engineer,"Bloomfield, CT",bookmarked
2024-05-22,Agility Partners,Full Stack Engineer,"Bloomfield, CT",applied
2024-05-22,Talent Groups,Software Developer,"Plano, TX",bookmarked
2024-05-22,Talent Groups,Software Developer,"Plano, TX",applied
2024-05-22,Patterned Learning Career,​Junior Web Developer,"Manchester, NH",bookmarked
2024-05-22,Patterned Learning Career,​Junior Web Developer,"Manchester, NH",applied
2024-05-22,Phoenix Recruitment,Junior React Developer,"Philadelphia, PA",bookmarked
2024-05-22,Phoenix Recruitment,Junior React Developer,"Philadelphia, PA",applied
2024-05-22,Smith & Associates,Software Engineer,"Houston, TX",bookmarked
2024-05-22,Smith & Associates,Software Engineer,"Houston, TX",applied
